{
  "method": "adam_core50",
  "acc_matrix": [
    [
      0.802112284602557,
      0.0,
      0.0,
      0.0,
      0.0
    ],
    [
      0.7697609783212896,
      0.8999444135630906,
      0.0,
      0.0,
      0.0
    ],
    [
      0.7610894941634241,
      0.8721511951083936,
      0.8828498388351673,
      0.0,
      0.0
    ],
    [
      0.7627570872707059,
      0.8765981100611451,
      0.8859619873291097,
      0.9666332999666333,
      0.0
    ],
    [
      0.7389660922734853,
      0.8611450806003336,
      0.8805157274647104,
      0.9662996329662996,
      0.8791416499888814
    ]
  ],
  "aa": 86.52,
  "bwt": -2.62,
  "task_times": [
    337.04,
    389.97,
    444.51,
    504.76,
    553.22
  ]
}