{
  "method": "naive_core50",
  "acc_matrix": [
    [
      0.7889938854919399,
      0.0,
      0.0,
      0.0,
      0.0
    ],
    [
      0.28438021122846024,
      0.9131739855475264,
      0.0,
      0.0,
      0.0
    ],
    [
      0.2649249583101723,
      0.10594774874930517,
      0.9294209180838057,
      0.0,
      0.0
    ],
    [
      0.24480266814897164,
      0.18932740411339632,
      0.6952317439146383,
      0.9915471026582138,
      0.0
    ],
    [
      0.0027793218454697055,
      0.14441356309060588,
      0.2758697343558964,
      0.6446446446446447,
      0.9379586390927285
    ]
  ],
  "aa": 40.11,
  "bwt": -63.89,
  "task_times": [
    231.1,
    248.46,
    266.05,
    284.03,
    301.65
  ]
}